"Part";"Value";"Device";"Package";"Description";"AVAILABILITY";"DESCRIPTION";"MF";"MP";"PACKAGE";"POPULARITY";"PRICE";"SPICEPREFIX";
"D1";"";"DIODESOD-323F";"SOD-323F";"Diode";"";"";"";"";"";"";"";"";
"J1";"";"CONN_03LONGPADS";"1X03_LONGPADS";"Multi connection point. Often used as Generic Header-pin footprint for 0.1 inch spaced/style header connections";"";"";"";"";"";"";"";"";
"R1";"";"R-EU_R0603";"R0603";"RESISTOR, European symbol";"";"";"";"";"";"70";"";"R";
"U$1";"DELL_CON";"DELL_CON";"DELL_CON_01";"";"";"";"";"";"";"";"";"";
"U$2";"MOUNTING_HOLE";"MOUNTING_HOLE";"MOUNTINGHOLE_3.0_PLATED";"";"";"";"";"";"";"";"";"";
"U1";"DS2502+";"DS2502+";"TO92127P495H695-3";"None Check prices";"In Stock";" EPROM - OTP Memory IC 1Kb (128 x 8) 1-Wire® SOT-23-3 ";"Maxim Integrated";"DS2502";"TO-226-3 Maxim";"";"None";"";
